,locality,Locality Latitude,Locality Longitude,Ward,Ward Code
0,Arnos Vale,51.442993736842105,-2.564195684210526,Brislington West,E05010891
1,Arnos Vale,51.442993736842105,-2.564195684210526,Windmill Hill,E05010918
2,Brislington,51.43801799999999,-2.5501815,Brislington West,E05010891
3,Brislington,51.43801799999999,-2.5501815,Brislington East,E05010890
4,Bristol,51.459642637334426,-2.59351473159462,Brislington West,E05010891
5,Bristol,51.459642637334426,-2.59351473159462,Windmill Hill,E05010918
6,Bristol,51.459642637334426,-2.59351473159462,Southville,E05010914
7,Knowle,51.432241000000005,-2.571715407407408,Knowle,E05010906
8,Pylle Hill,51.446858666666664,-2.581248,Southville,E05010914
9,Totterdown,51.442449374999995,-2.5779246562499996,Windmill Hill,E05010918
10,Ashley Down,51.48013775,-2.579243375,Bishopston and Ashley Down,E05010888
11,Bishopston,51.47624394029852,-2.591481432835821,Bishopston and Ashley Down,E05010888
12,Bristol,51.459642637334426,-2.59351473159462,Ashley,E05010885
13,Bristol,51.459642637334426,-2.59351473159462,Bishopston and Ashley Down,E05010888
14,Bristol,51.459642637334426,-2.59351473159462,Lockleaze,E05010908
15,Horfield,51.490636277777774,-2.579773388888889,Bishopston and Ashley Down,E05010888
16,Horfield,51.490636277777774,-2.579773388888889,Lockleaze,E05010908
17,Saint Andrews,51.4712805,-2.588771666666667,Bishopston and Ashley Down,E05010888
18,Ashton,51.432773,-2.613028,Bedminster,E05010887
19,Ashton Gate,51.441539000000006,-2.6183325,Southville,E05010914
20,Bedminster,51.437580869918705,-2.6027019268292686,Bedminster,E05010887
21,Bristol,51.459642637334426,-2.59351473159462,Bedminster,E05010887
22,Bristol,51.459642637334426,-2.59351473159462,Avonmouth and Lawrence Weston,E05010886
23,Chittening,51.527324500000006,-2.6835850000000003,Avonmouth and Lawrence Weston,E05010886
24,Kingsweston,51.494215800000006,-2.6584342,Avonmouth and Lawrence Weston,E05010886
25,Lawrence Weston,51.50183933333333,-2.6531077499999998,Avonmouth and Lawrence Weston,E05010886
26,Shirehampton,51.48885449152542,-2.6783064915254235,Avonmouth and Lawrence Weston,E05010886
27,Avonmouth,51.50577630769231,-2.6952672307692307,Avonmouth and Lawrence Weston,E05010886
28,Avon Valley Business Park,51.451794500000005,-2.545846,Brislington East,E05010890
29,Bristol,51.459642637334426,-2.59351473159462,Brislington East,E05010890
30,Saint Annes,51.4499225,-2.5481765,Brislington East,E05010890
31,Saint Annes Park,51.451859891891885,-2.5409908648648654,Brislington East,E05010890
32,Saint Annes Park,51.451859891891885,-2.5409908648648654,Brislington West,E05010891
33,Baptist Mills,51.467603000000004,-2.5756330000000003,Ashley,E05010885
34,Bristol,51.459642637334426,-2.59351473159462,Lawrence Hill,E05010907
35,Saint Agnes,51.46643666666666,-2.5781423333333335,Ashley,E05010885
36,Saint Judes,51.459824000000005,-2.579508,Lawrence Hill,E05010907
37,Saint Pauls,51.4630844,-2.581562266666667,Lawrence Hill,E05010907
38,Saint Pauls,51.4630844,-2.581562266666667,Ashley,E05010885
39,Saint Werburghs,51.470986874999994,-2.5731903750000003,Ashley,E05010885
40,Saint Werburghs,51.470986874999994,-2.5731903750000003,Lockleaze,E05010908
41,Barton Hill,51.45542486956522,-2.5621548695652177,Lawrence Hill,E05010907
42,Bristol,51.459642637334426,-2.59351473159462,Easton,E05010896
43,Easton,51.46498264285715,-2.566044261904762,Lawrence Hill,E05010907
44,Easton,51.46498264285715,-2.566044261904762,Clifton Down,E05010894
45,Lawrence Hill,51.45759266666666,-2.564266083333333,Lawrence Hill,E05010907
46,Barton Hill,51.45542486956522,-2.5621548695652177,Easton,E05010896
47,Bristol,51.459642637334426,-2.59351473159462,St George West,E05010912
48,Lawrence Hill,51.45759266666666,-2.564266083333333,Easton,E05010896
49,Redfield,51.48771025641025,-2.530738512820513,Easton,E05010896
50,Redfield,51.48771025641025,-2.530738512820513,St George West,E05010912
51,Redfield,51.48771025641025,-2.530738512820513,Lawrence Hill,E05010907
52,Saint George,51.458130691358015,-2.5385552469135804,Easton,E05010896
53,Whitehall,51.46372641176471,-2.5520087058823533,Easton,E05010896
54,Bedminster,51.437580869918705,-2.6027019268292686,Southville,E05010914
55,Southville,51.444152392156866,-2.5987807254901965,Southville,E05010914
56,Bedminster,51.437580869918705,-2.6027019268292686,Windmill Hill,E05010918
57,Bedminster,51.437580869918705,-2.6027019268292686,Filwood,E05010898
58,Bristol,51.459642637334426,-2.59351473159462,Knowle,E05010906
59,Bristol,51.459642637334426,-2.59351473159462,Filwood,E05010898
60,Bristol,51.459642637334426,-2.59351473159462,Bishopsworth,E05010889
61,Bedminster Down,51.42123266666667,-2.623209333333333,Bishopsworth,E05010889
62,Bishopsworth,51.4123810925926,-2.6194850555555553,Bishopsworth,E05010889
63,Bishopsworth,51.4123810925926,-2.6194850555555553,Hartcliffe and Withywood,E05010900
64,Bristol,51.459642637334426,-2.59351473159462,Hartcliffe and Withywood,E05010900
65,Bishopston,51.47624394029852,-2.591481432835821,Ashley,E05010885
66,Bishopston,51.47624394029852,-2.591481432835821,Redland,E05010909
67,Bristol,51.459642637334426,-2.59351473159462,Redland,E05010909
68,Bristol,51.459642637334426,-2.59351473159462,Horfield,E05010904
69,Horfield,51.490636277777774,-2.579773388888889,Horfield,E05010904
70,Brentry,51.51056596153846,-2.6044688076923075,Henbury and Brentry,E05010901
71,Brentry,51.51056596153846,-2.6044688076923075,Southmead,E05010913
72,Bristol,51.459642637334426,-2.59351473159462,Henbury and Brentry,E05010901
73,Bristol,51.459642637334426,-2.59351473159462,Southmead,E05010913
74,Westbury-on-Trym,51.494664746478875,-2.6111856901408452,Southmead,E05010913
75,Westbury-on-Trym,51.494664746478875,-2.6111856901408452,Henbury and Brentry,E05010901
76,Bristol,51.459642637334426,-2.59351473159462,Stockwood,E05010915
77,Southmead,51.499602100000004,-2.5959817000000003,Southmead,E05010913
78,Southmead,51.499602100000004,-2.5959817000000003,Horfield,E05010904
79,Westbury-on-Trym,51.494664746478875,-2.6111856901408452,Horfield,E05010904
80,Bristol,51.459642637334426,-2.59351473159462,Westbury-on-Trym and Henleaze,E05010917
81,Henbury,51.50879870731708,-2.619574219512195,Henbury and Brentry,E05010901
82,Henbury,51.50879870731708,-2.619574219512195,Westbury-on-Trym and Henleaze,E05010917
83,Westbury-on-Trym,51.494664746478875,-2.6111856901408452,Westbury-on-Trym and Henleaze,E05010917
84,Bristol,51.459642637334426,-2.59351473159462,Central,E05010892
85,Bristol,51.459642637334426,-2.59351473159462,Hengrove and Whitchurch Park,E05010902
86,Bristol,51.459642637334426,-2.59351473159462,Cotham,E05010895
87,Hawkfield Business Park,51.411909,-2.5935968,Hengrove and Whitchurch Park,E05010902
88,Hengrove Park,51.410990000000005,-2.584943,Hengrove and Whitchurch Park,E05010902
89,Stockwood,51.41472,-2.54434,Stockwood,E05010915
90,Hengrove,51.4179688,-2.5656968,Hengrove and Whitchurch Park,E05010902
91,Hengrove,51.4179688,-2.5656968,Stockwood,E05010915
92,Knowle,51.432241000000005,-2.571715407407408,Stockwood,E05010915
93,Bristol,51.459642637334426,-2.59351473159462,Hotwells and Harbourside,E05010905
94,Saint Augustines,51.454313,-2.599025,Central,E05010892
95,Bristol,51.459642637334426,-2.59351473159462,Eastville,E05010897
96,Bristol,51.459642637334426,-2.59351473159462,Frome Vale,E05010899
97,Stapleton,51.48816456603774,-2.5475081698113207,Frome Vale,E05010899
98,Stapleton,51.48816456603774,-2.5475081698113207,Eastville,E05010897
99,Fishponds,51.50432711304347,-2.5625655478260865,Eastville,E05010897
100,Fishponds,51.50432711304347,-2.5625655478260865,Frome Vale,E05010899
101,Bristol,51.459642637334426,-2.59351473159462,Hillfields,E05010903
102,Fishponds,51.50432711304347,-2.5625655478260865,Hillfields,E05010903
103,Redcliffe,51.448510785714284,-2.5876415000000006,Central,E05010892
104,Temple Meads,51.448915,-2.5818375000000002,Lawrence Hill,E05010907
105,Saint Philips,51.4514213877551,-2.574438408163265,Lawrence Hill,E05010907
106,Saint Philips,51.4514213877551,-2.574438408163265,Central,E05010892
107,Saint Philips Marsh,51.448137,-2.568121,Lawrence Hill,E05010907
108,Kingsdown,51.461792083333336,-2.596508416666667,Central,E05010892
109,Kingsdown,51.461792083333336,-2.596508416666667,Cotham,E05010895
110,Saint James,51.460284333333334,-2.5947183333333332,Central,E05010892
111,Knowle,51.432241000000005,-2.571715407407408,Filwood,E05010898
112,Easton,51.46498264285715,-2.566044261904762,Easton,E05010896
113,Eastville,51.47328049019608,-2.558788843137255,Eastville,E05010897
114,Eastville,51.47328049019608,-2.558788843137255,Easton,E05010896
115,Eastville,51.47328049019608,-2.558788843137255,Lockleaze,E05010908
116,Greenbank,51.468823333333326,-2.557363333333333,Easton,E05010896
117,Greenbank,51.468823333333326,-2.557363333333333,Eastville,E05010897
118,Bristol,51.459642637334426,-2.59351473159462,St George Central,E05010910
119,Clay Hill,51.47054533333333,-2.5431519999999996,Eastville,E05010897
120,Saint George,51.458130691358015,-2.5385552469135804,St George West,E05010912
121,Saint George,51.458130691358015,-2.5385552469135804,St George Central,E05010910
122,Speedwell,51.46756323076924,-2.534427461538461,St George Central,E05010910
123,Speedwell,51.46756323076924,-2.534427461538461,Eastville,E05010897
124,Whitehall,51.46372641176471,-2.5520087058823533,St George West,E05010912
125,Whitehall,51.46372641176471,-2.5520087058823533,Eastville,E05010897
126,Bristol,51.459642637334426,-2.59351473159462,St George Troopers Hill,E05010911
127,Saint George,51.458130691358015,-2.5385552469135804,St George Troopers Hill,E05010911
128,Cotham,51.466995714285716,-2.596374071428571,Cotham,E05010895
129,Montpelier,51.46786662962962,-2.5854882962962966,Ashley,E05010885
130,Saint Andrews,51.4712805,-2.588771666666667,Ashley,E05010885
131,Bristol,51.459642637334426,-2.59351473159462,Clifton Down,E05010894
132,Cotham,51.466995714285716,-2.596374071428571,Redland,E05010909
133,Cotham,51.466995714285716,-2.596374071428571,Clifton Down,E05010894
134,Durdham Park,51.473739,-2.615622,Redland,E05010909
135,Redland,51.47012566666667,-2.606286883333333,Cotham,E05010895
136,Redland,51.47012566666667,-2.606286883333333,Clifton Down,E05010894
137,Redland,51.47012566666667,-2.606286883333333,Redland,E05010909
138,Westbury Park,51.47994919999999,-2.6093444333333338,Westbury-on-Trym and Henleaze,E05010917
139,Westbury Park,51.47994919999999,-2.6093444333333338,Redland,E05010909
140,Bristol,51.459642637334426,-2.59351473159462,Clifton,E05010893
141,Clifton,51.45935165909091,-2.614886221590909,Clifton,E05010893
142,Clifton,51.45935165909091,-2.614886221590909,Central,E05010892
143,Clifton,51.45935165909091,-2.614886221590909,Clifton Down,E05010894
144,Clifton,51.45935165909091,-2.614886221590909,Hotwells and Harbourside,E05010905
145,Tyndalls Park,51.45812014285715,-2.6068331428571425,Central,E05010892
146,Clifton Wood,51.4510975,-2.6097115000000004,Clifton,E05010893
147,Hotwells,51.449275,-2.618631,Hotwells and Harbourside,E05010905
148,Bristol,51.459642637334426,-2.59351473159462,Stoke Bishop,E05010916
149,Sneyd Park,51.472717,-2.633919,Stoke Bishop,E05010916
150,Stoke Bishop,51.47691345454544,-2.6313549545454546,Stoke Bishop,E05010916
151,Coombe Dingle,51.495612900000005,-2.6424288999999996,Avonmouth and Lawrence Weston,E05010886
152,Sea Mills,51.48834925,-2.6487575000000003,Stoke Bishop,E05010916
153,Henleaze,51.488430136363625,-2.603974772727273,Westbury-on-Trym and Henleaze,E05010917
